[{"id":1,"categoria":"Boraginaceae","producto":"Cryptantha clevelandii Greene var. dissita (I.M. Johnst.) Jeps. & Hoover","mac":"39-1C-B9-30-49-35","precio":"$1600.96","stock":66},
{"id":2,"categoria":"Myrtaceae","producto":"Eucalyptus microtheca F. Muell.","mac":"24-91-D9-CE-62-50","precio":"$227.32","stock":71},
{"id":3,"categoria":"Fabaceae","producto":"Lupinus arizonicus (S. Watson) S. Watson","mac":"3A-7E-AD-3E-9D-A0","precio":"$554.90","stock":3},
{"id":4,"categoria":"Polypodiaceae","producto":"Polypodium scouleri Hook. & Grev.","mac":"C1-A2-17-92-17-89","precio":"$572.39","stock":1},
{"id":5,"categoria":"Polygonaceae","producto":"Eriogonum heermannii Durand & Hilg. var. argense (M.E. Jones) Munz","mac":"65-72-0E-3B-8C-9D","precio":"$1355.89","stock":84},
{"id":6,"categoria":"Solanaceae","producto":"Lycium torreyi A. Gray","mac":"5B-00-BB-84-1A-EA","precio":"$824.52","stock":64},
{"id":7,"categoria":"Fabaceae","producto":"Ebenopsis Britton & Rose","mac":"5D-8D-26-98-9D-96","precio":"$729.09","stock":11},
{"id":8,"categoria":"Euphorbiaceae","producto":"Tragia glanduligera Pax & K. Hoffm.","mac":"2E-86-E1-08-86-23","precio":"$1570.61","stock":64},
{"id":9,"categoria":"Selaginellaceae","producto":"Selaginella krugii Hieron.","mac":"11-89-31-A6-47-83","precio":"$1605.91","stock":16},
{"id":10,"categoria":"Ranunculaceae","producto":"Ranunculus alismifolius Geyer ex Benth. var. davisii L.D. Benson","mac":"AE-41-52-ED-2D-96","precio":"$1525.91","stock":61}]